{"cameraMode":{"drawMode":0,"name":"Shaded","section":"Shading Mode"},"sceneLighting":false,"audioPlay":false,"sceneViewState":{"showFog":true,"showMaterialUpdate":false,"showSkybox":false,"showFlares":true,"showImageEffects":true,"showParticleSystems":true},"in2DMode":false,"pivot":{"x":5.960464477539063e-8,"y":0.08940869569778443,"z":-0.15004408359527589},"rotation":{"x":-0.0995163768529892,"y":-0.8297876119613648,"z":0.15692006051540376,"w":-0.5262700319290161},"size":7.552457332611084,"orthographic":false}